,Pclass,Sex,Sibsp,Parch,Fare,Embarked,Survived,Infant,Young,Mature,Venerable
0,1,male,0,0,49.5042,C,0,0,0,0,1
1,1,male,1,0,227.525,C,0,0,0,1,0
2,1,female,1,0,227.525,C,1,0,1,0,0
3,1,female,0,0,69.3,C,1,0,1,0,0
4,1,male,0,1,247.5208,C,0,0,1,0,0
5,1,female,0,1,247.5208,C,1,0,0,1,0
6,1,female,0,0,76.2917,C,1,0,0,1,0
7,1,male,0,0,75.2417,C,0,0,0,1,0
8,1,male,0,0,30.0,C,1,0,1,0,0
9,1,female,0,0,227.525,C,1,0,0,1,0
10,1,male,0,0,26.0,C,0,0,1,0,0
11,1,male,1,0,91.0792,C,1,0,1,0,0
12,1,female,1,0,91.0792,C,1,0,1,0,0
13,1,male,0,0,31.0,C,1,0,0,1,0
14,1,female,0,0,262.375,C,1,0,0,1,0
15,1,male,0,0,50.4958,C,0,0,0,1,0
16,1,male,0,0,39.6,C,0,0,0,0,0
17,1,female,0,0,27.7208,C,1,0,0,1,0
18,1,female,0,0,76.2917,C,1,0,0,0,1
19,1,female,0,0,134.5,C,1,0,0,1,0
20,1,female,0,0,27.4458,C,1,0,0,1,0
21,1,male,0,1,512.3292,C,1,0,0,1,0
22,1,female,0,1,512.3292,C,1,0,0,0,1
23,1,female,0,0,27.7208,C,1,0,0,0,0
24,1,female,0,0,262.375,C,1,0,0,1,0
25,1,male,0,0,29.7,C,1,0,0,1,0
26,1,male,1,0,136.7792,C,0,0,1,0,0
27,1,female,1,0,136.7792,C,1,0,1,0,0
28,1,female,1,1,83.1583,C,1,0,0,1,0
29,1,male,1,1,83.1583,C,0,0,0,1,0
30,1,female,0,2,83.1583,C,1,0,0,0,1
31,1,male,1,0,71.2833,C,0,0,0,1,0
32,1,female,1,0,71.2833,C,1,0,0,1,0
33,1,male,1,0,106.425,C,0,0,0,1,0
34,1,female,1,1,247.5208,C,1,0,1,0,0
35,1,female,1,0,106.425,C,1,0,0,1,0
36,1,female,1,0,39.6,C,1,0,0,1,0
37,1,male,1,0,56.9292,C,1,0,0,1,0
38,1,male,0,0,29.7,C,0,0,0,1,0
39,1,female,0,1,83.1583,C,1,0,1,0,0
40,1,female,0,0,227.525,C,1,0,0,1,0
41,1,female,1,0,78.2667,C,1,0,0,1,0
42,1,female,0,0,31.6792,C,0,0,0,1,0
43,1,female,0,0,110.8833,C,1,0,0,0,0
44,1,male,0,0,27.75,C,0,0,1,0,0
45,1,female,0,0,56.9292,C,1,0,1,0,0
46,1,male,1,0,27.7208,C,1,0,0,1,0
47,1,female,0,2,49.5,C,1,0,1,0,0
48,1,male,1,1,79.2,C,1,0,0,0,1
49,1,female,1,1,79.2,C,1,0,0,1,0
50,1,female,0,0,211.5,C,1,0,0,1,0
51,1,female,0,1,59.4,C,1,0,1,0,0
52,1,female,0,1,59.4,C,1,0,0,1,0
53,1,male,0,0,79.2,C,0,0,1,0,0
54,1,male,1,0,89.1042,C,1,0,0,1,0
55,1,female,1,0,89.1042,C,1,0,0,0,0
56,1,male,0,0,34.6542,C,0,0,0,0,1
57,1,male,0,0,28.5,C,1,0,0,1,0
58,1,male,0,1,63.3583,C,1,0,1,0,0
59,1,female,0,1,63.3583,C,1,0,0,1,0
60,1,male,0,0,79.2,C,0,0,0,1,0
61,1,male,1,0,55.4417,C,1,0,1,0,0
62,1,female,1,0,55.4417,C,1,0,1,0,0
63,1,male,1,0,76.7292,C,1,0,0,1,0
64,1,female,1,0,76.7292,C,1,0,0,1,0
65,1,male,0,0,76.7292,C,1,0,1,0,0
66,1,female,0,0,83.1583,C,1,0,1,0,0
67,1,female,0,1,57.9792,C,1,0,1,0,0
68,1,female,0,1,57.9792,C,1,0,0,1,0
69,1,male,0,0,26.55,C,1,0,0,1,0
70,1,male,0,0,30.6958,C,0,0,0,0,0
71,1,female,0,0,28.7125,C,0,0,0,1,0
72,1,male,0,0,211.5,C,0,0,0,1,0
73,1,male,0,0,29.7,C,0,0,0,0,1
74,1,female,0,0,106.425,C,1,0,1,0,0
75,1,male,0,0,512.3292,C,1,0,0,1,0
76,1,male,0,0,27.7208,C,0,0,0,0,0
77,1,female,0,0,27.7208,C,1,0,0,1,0
78,1,female,0,0,146.5208,C,1,0,0,0,1
79,1,male,0,0,29.7,C,1,0,0,0,0
80,1,female,0,0,49.5042,C,1,0,1,0,0
81,1,male,0,0,75.2417,C,0,0,0,1,0
82,1,male,1,0,82.1708,C,0,0,1,0,0
83,1,female,1,0,82.1708,C,1,0,0,0,0
84,1,male,1,0,57.75,C,1,0,1,0,0
85,1,male,0,1,29.7,C,0,0,0,1,0
86,1,female,1,0,113.275,C,1,0,0,1,0
87,1,female,1,0,113.275,C,1,0,1,0,0
88,1,male,0,2,113.275,C,0,0,0,0,1
89,1,female,0,0,108.9,C,1,0,0,1,0
90,1,male,0,0,25.7417,C,1,0,0,0,0
91,1,female,0,1,61.9792,C,1,0,1,0,0
92,1,male,0,1,61.9792,C,0,0,0,0,1
93,1,male,0,0,27.7208,C,0,0,1,0,0
94,1,male,1,0,108.9,C,0,0,1,0,0
95,1,female,1,0,108.9,C,1,0,1,0,0
96,1,female,0,1,83.1583,C,1,0,0,0,1
97,1,male,0,0,135.6333,C,0,0,1,0,0
98,1,male,0,0,227.525,C,0,0,0,0,0
99,1,female,0,0,27.7208,C,1,0,0,1,0
100,1,male,0,0,79.2,C,0,0,0,1,0
101,1,male,0,0,40.125,C,0,0,0,1,0
102,1,male,1,0,59.4,C,0,0,0,1,0
103,1,female,1,0,59.4,C,1,0,0,1,0
104,1,male,2,2,262.375,C,1,0,1,0,0
105,1,female,2,2,262.375,C,1,0,1,0,0
106,1,female,2,2,262.375,C,1,0,1,0,0
107,1,male,1,3,262.375,C,0,0,0,0,1
108,1,female,1,3,262.375,C,1,0,0,1,0
109,1,female,0,0,69.3,C,1,0,1,0,0
110,1,female,1,0,57.75,C,1,0,0,1,0
111,1,female,0,0,31.0,C,1,0,1,0,0
112,1,male,0,0,35.5,C,1,0,0,0,1
113,1,male,0,0,30.6958,C,0,0,0,0,1
114,1,male,0,2,134.5,C,1,1,0,0,0
115,1,male,1,1,134.5,C,1,0,0,1,0
116,1,female,1,1,134.5,C,1,0,0,1,0
117,1,male,1,0,146.5208,C,0,0,0,0,1
118,1,female,1,0,146.5208,C,1,0,0,0,0
119,1,male,0,0,30.5,C,1,0,0,1,0
120,1,male,1,0,55.4417,C,1,0,0,1,0
121,1,female,1,0,55.4417,C,1,0,0,1,0
122,1,female,1,0,78.2667,C,1,0,0,1,0
123,1,male,0,0,27.7208,C,0,0,0,0,0
124,1,male,1,1,110.8833,C,0,0,0,1,0
125,1,male,0,2,110.8833,C,1,0,1,0,0
126,1,female,1,1,110.8833,C,1,0,0,1,0
127,1,female,0,0,79.2,C,1,0,0,0,0
128,1,male,0,0,28.5375,C,1,0,0,1,0
129,1,male,0,0,27.7208,C,0,0,0,1,0
130,1,female,0,0,512.3292,C,1,0,0,1,0
131,1,male,1,0,75.25,C,0,0,0,0,1
132,1,female,1,0,75.25,C,1,0,0,0,1
133,1,female,0,0,135.6333,C,1,0,0,1,0
134,1,male,1,1,211.5,C,0,0,0,1,0
135,1,male,0,2,211.5,C,0,0,1,0,0
136,1,female,1,1,211.5,C,1,0,0,1,0
137,1,male,0,1,61.3792,C,0,0,0,1,0
138,1,male,0,1,61.3792,C,1,0,1,0,0
139,1,female,0,0,134.5,C,1,0,0,1,0
140,1,female,0,0,135.6333,C,1,0,0,1,0
141,2,male,1,0,24.0,C,0,0,1,0,0
142,2,female,1,0,24.0,C,1,0,1,0,0
143,2,male,1,0,27.7208,C,0,0,1,0,0
144,2,female,1,0,27.7208,C,1,0,1,0,0
145,2,female,1,0,13.8583,C,1,0,1,0,0
146,2,female,1,0,13.8583,C,1,0,1,0,0
147,2,female,0,0,13.7917,C,1,0,1,0,0
148,2,female,1,2,41.5792,C,1,1,0,0,0
149,2,female,1,2,41.5792,C,1,1,0,0,0
150,2,male,1,2,41.5792,C,0,0,1,0,0
151,2,female,1,2,41.5792,C,1,0,1,0,0
152,2,female,0,0,12.0,C,1,0,1,0,0
153,2,male,0,0,12.875,C,0,0,0,1,0
154,2,male,0,0,15.0458,C,0,0,0,0,0
155,2,male,0,2,37.0042,C,1,1,0,0,0
156,2,male,1,1,37.0042,C,0,0,0,1,0
157,2,female,1,1,37.0042,C,1,0,1,0,0
158,2,male,0,0,15.5792,C,0,0,0,0,0
159,2,male,1,0,30.0708,C,0,0,0,1,0
160,2,female,1,0,30.0708,C,1,0,1,0,0
161,2,male,0,0,13.8625,C,1,0,1,0,0
162,2,male,0,0,13.8625,C,1,0,0,0,0
163,2,male,0,0,13.8583,C,1,0,1,0,0
164,2,male,0,0,15.05,C,0,0,0,0,0
165,2,male,0,0,12.7375,C,1,0,1,0,0
166,2,male,0,0,15.0333,C,0,0,1,0,0
167,2,male,0,0,15.0458,C,0,0,1,0,0
168,2,male,0,0,15.0458,C,0,0,0,1,0
169,3,female,0,0,7.2292,C,1,0,1,0,0
170,3,male,0,0,18.7875,C,1,0,1,0,0
171,3,female,0,0,7.225,C,1,0,0,1,0
172,3,male,0,0,7.225,C,0,0,1,0,0
173,3,female,0,0,14.4583,C,0,0,1,0,0
174,3,male,0,0,7.225,C,0,0,1,0,0
175,3,female,0,0,7.2292,C,1,0,1,0,0
176,3,male,0,0,7.225,C,0,0,1,0,0
177,3,female,2,1,19.2583,C,1,1,0,0,0
178,3,female,2,1,19.2583,C,1,1,0,0,0
179,3,female,2,1,19.2583,C,1,1,0,0,0
180,3,female,0,3,19.2583,C,1,0,1,0,0
181,3,male,0,0,7.225,C,0,0,0,1,0
182,3,male,0,0,7.2292,C,1,0,1,0,0
183,3,female,0,1,14.4542,C,0,0,1,0,0
184,3,female,0,1,14.4542,C,0,0,0,1,0
185,3,male,0,0,7.2292,C,0,0,0,0,0
186,3,male,0,0,4.0125,C,0,0,1,0,0
187,3,male,1,1,15.2458,C,0,1,0,0,0
188,3,female,1,1,15.2458,C,0,1,0,0,0
189,3,male,0,0,7.225,C,0,0,0,0,0
190,3,female,0,2,15.2458,C,0,0,0,0,0
191,3,male,1,0,14.4583,C,0,0,0,0,0
192,3,female,1,0,14.4583,C,0,0,0,0,0
193,3,male,1,0,14.4542,C,0,0,1,0,0
194,3,male,1,0,14.4542,C,0,0,1,0,0
195,3,male,0,0,7.225,C,0,0,1,0,0
196,3,male,0,0,7.2292,C,0,0,0,0,0
197,3,male,0,0,7.8958,C,0,0,0,1,0
198,3,male,0,0,7.225,C,0,0,0,0,0
199,3,male,0,2,7.2292,C,0,0,0,1,0
200,3,male,1,1,7.2292,C,0,0,1,0,0
201,3,male,1,1,7.2292,C,0,0,1,0,0
202,3,male,0,0,7.225,C,0,0,0,0,0
203,3,male,0,0,7.8958,C,0,0,0,0,0
204,3,male,0,0,7.2292,C,0,0,1,0,0
205,3,male,0,0,18.7875,C,0,0,1,0,0
206,3,male,0,0,7.2292,C,0,0,1,0,0
207,3,male,0,0,7.8958,C,1,0,1,0,0
208,3,female,0,1,13.4167,C,1,1,0,0,0
209,3,male,0,1,13.4167,C,1,0,0,1,0
210,3,male,0,0,7.2292,C,0,0,0,0,0
211,3,male,0,0,7.2292,C,0,0,1,0,0
212,3,male,1,0,14.4542,C,0,0,0,0,0
213,3,female,1,0,14.4542,C,0,0,0,0,0
214,3,male,0,0,7.8958,C,0,0,0,0,0
215,3,male,0,0,7.2292,C,1,0,1,0,0
216,3,male,0,0,7.225,C,0,0,0,0,0
217,3,male,0,0,7.225,C,1,0,1,0,0
218,3,male,0,0,6.4375,C,0,0,0,1,0
219,3,male,0,0,7.2292,C,1,0,0,0,0
220,3,male,0,0,7.2292,C,0,0,0,0,0
221,3,male,0,0,7.8958,C,0,0,0,1,0
222,3,female,0,0,7.225,C,1,0,0,0,0
223,3,male,0,0,7.8958,C,0,0,0,0,0
224,3,male,1,1,15.2458,C,1,0,0,0,0
225,3,male,1,1,15.2458,C,1,0,0,0,0
226,3,female,0,2,15.2458,C,1,0,0,0,0
227,3,female,0,0,7.2292,C,1,0,0,0,0
228,3,female,0,0,7.225,C,1,0,1,0,0
229,3,female,0,2,15.7417,C,1,1,0,0,0
230,3,male,1,1,15.7417,C,1,0,1,0,0
231,3,female,1,1,15.7417,C,1,0,1,0,0
232,3,male,0,0,7.2292,C,0,0,0,0,0
233,3,male,1,0,11.2417,C,1,0,1,0,0
234,3,female,1,0,11.2417,C,1,0,1,0,0
235,3,male,0,0,7.2292,C,0,0,1,0,0
236,3,male,0,0,8.7125,C,0,0,0,0,0
237,3,male,1,1,22.3583,C,1,0,0,0,0
238,3,female,1,1,22.3583,C,1,0,0,0,0
239,3,female,0,2,22.3583,C,1,0,0,0,0
240,3,male,0,0,7.2292,C,0,0,0,0,0
241,3,male,0,0,7.2292,C,0,0,0,0,0
242,3,male,0,0,7.225,C,0,0,1,0,0
243,3,male,0,0,7.225,C,0,0,0,0,0
244,3,male,2,0,21.6792,C,0,0,0,0,0
245,3,male,2,0,21.6792,C,0,0,0,0,0
246,3,male,2,0,21.6792,C,0,0,0,0,0
247,3,male,0,0,7.2292,C,0,0,1,0,0
248,3,male,0,0,8.6625,C,0,0,0,1,0
249,3,male,0,1,8.5167,C,1,1,0,0,0
250,3,male,1,0,6.4375,C,0,0,0,0,0
251,3,male,0,0,6.4375,C,0,0,0,0,0
252,3,male,0,0,7.225,C,0,0,0,0,0
253,3,female,1,1,8.5167,C,1,0,1,0,0
254,3,male,0,0,7.2292,C,0,0,0,0,0
255,3,male,0,0,7.2292,C,0,0,0,0,0
256,3,male,1,1,15.2458,C,1,1,0,0,0
257,3,female,1,1,15.2458,C,1,1,0,0,0
258,3,female,0,2,15.2458,C,1,0,1,0,0
259,3,male,0,0,7.225,C,1,0,1,0,0
260,3,female,0,0,7.2292,C,1,0,0,1,0
261,3,male,1,0,14.4542,C,0,0,1,0,0
262,3,female,1,0,14.4542,C,1,0,1,0,0
263,3,male,0,0,7.225,C,0,0,0,1,0
264,3,male,0,0,7.225,C,0,0,0,0,0
265,3,male,0,0,14.4583,C,0,0,0,0,0
266,3,female,1,0,14.4542,C,0,0,1,0,0
267,3,female,1,0,14.4542,C,0,0,0,0,0
268,3,male,0,0,7.225,C,0,0,1,0,0
269,3,male,0,0,7.225,C,0,0,1,0,0
270,1,male,2,0,90.0,Q,0,0,0,1,0
271,1,female,1,0,90.0,Q,1,0,0,1,0
272,1,female,1,0,90.0,Q,1,0,0,1,0
273,2,female,0,0,12.35,Q,1,0,0,0,0
274,2,male,0,0,12.35,Q,0,0,0,1,0
275,2,male,0,0,12.35,Q,0,0,0,0,1
276,2,male,0,0,10.7083,Q,0,0,0,0,0
277,2,male,0,0,12.35,Q,0,0,0,0,1
278,2,male,0,0,9.6875,Q,0,0,0,0,1
279,2,female,0,0,12.35,Q,1,0,1,0,0
280,3,female,0,0,7.8792,Q,0,0,1,0,0
281,3,female,0,2,7.75,Q,0,0,0,0,0
282,3,male,1,1,15.5,Q,0,0,0,1,0
283,3,female,1,1,15.5,Q,0,0,0,1,0
284,3,female,0,0,7.725,Q,1,0,1,0,0
285,3,female,0,0,7.2833,Q,0,0,1,0,0
286,3,male,0,0,7.8208,Q,1,0,1,0,0
287,3,male,0,0,6.75,Q,0,0,1,0,0
288,3,female,0,0,7.8792,Q,0,0,1,0,0
289,3,female,0,0,7.75,Q,0,0,1,0,0
290,3,male,0,0,7.75,Q,0,0,1,0,0
291,3,female,0,0,7.75,Q,1,0,1,0,0
292,3,female,0,0,7.75,Q,0,0,0,1,0
293,3,male,0,0,7.7333,Q,0,0,1,0,0
294,3,male,0,0,7.25,Q,0,0,1,0,0
295,3,male,0,0,7.7333,Q,0,0,0,1,0
296,3,male,0,0,7.75,Q,0,0,0,1,0
297,3,female,0,0,7.75,Q,1,0,1,0,0
298,3,female,0,0,7.6292,Q,0,0,1,0,0
299,3,male,0,0,7.75,Q,0,0,0,0,1
300,3,female,0,0,6.95,Q,1,0,1,0,0
301,3,male,0,0,7.75,Q,1,0,1,0,0
302,3,female,0,0,7.8792,Q,1,0,1,0,0
303,3,male,0,0,7.75,Q,0,0,0,1,0
304,3,female,0,0,7.75,Q,0,0,1,0,0
305,3,male,0,0,7.75,Q,0,0,0,0,1
306,3,male,0,0,7.75,Q,0,0,0,1,0
307,3,female,0,0,7.75,Q,0,0,0,0,0
308,3,male,0,0,7.75,Q,0,0,0,0,0
309,3,male,0,0,6.95,Q,0,0,0,0,0
310,3,male,0,0,7.8792,Q,0,0,1,0,0
311,3,male,0,0,7.75,Q,0,0,0,0,0
312,3,male,0,0,7.75,Q,0,0,0,0,0
313,3,male,0,0,7.7417,Q,0,0,1,0,0
314,3,female,0,0,7.7333,Q,1,0,1,0,0
315,3,female,0,0,7.75,Q,1,0,0,0,0
316,3,female,0,0,7.7333,Q,0,0,1,0,0
317,3,male,0,0,6.8583,Q,0,0,0,0,0
318,3,female,0,0,7.75,Q,1,0,0,0,0
319,3,female,0,0,6.75,Q,0,0,1,0,0
320,3,female,0,0,7.75,Q,0,0,0,0,0
321,3,male,0,0,7.75,Q,0,0,0,0,0
322,3,female,0,0,7.75,Q,1,0,0,0,0
323,3,male,0,0,7.75,Q,0,0,0,0,0
324,3,female,0,0,7.75,Q,1,0,0,0,0
325,3,female,0,0,7.75,Q,1,0,0,0,0
326,3,male,0,0,7.8292,Q,0,0,0,1,0
327,3,male,0,0,7.75,Q,1,0,0,0,0
328,3,male,1,0,7.75,Q,0,0,0,0,0
329,3,male,1,0,7.75,Q,0,0,0,0,0
330,3,male,0,0,7.7375,Q,0,0,0,0,0
331,3,male,0,0,7.75,Q,0,0,0,0,0
332,3,female,1,0,15.5,Q,0,0,0,0,0
333,3,male,1,0,15.5,Q,0,0,0,0,0
334,3,male,0,0,7.8792,Q,0,0,0,0,0
335,3,female,0,0,7.75,Q,1,0,0,0,0
336,3,female,0,0,7.8792,Q,0,0,0,0,0
337,3,male,0,0,7.75,Q,0,0,0,0,0
338,3,female,0,0,7.75,Q,0,0,0,1,0
339,3,female,0,0,7.7375,Q,1,0,0,0,0
340,3,female,0,0,7.75,Q,1,0,0,0,0
341,3,male,0,0,7.75,Q,1,0,0,0,0
342,3,female,2,0,23.25,Q,1,0,0,0,0
343,3,female,2,0,23.25,Q,1,0,0,0,0
344,3,male,2,0,23.25,Q,1,0,0,0,0
345,3,female,0,0,7.7875,Q,1,0,0,0,0
346,3,male,0,0,15.5,Q,0,0,0,0,0
347,3,female,0,0,7.8792,Q,1,0,0,0,0
348,3,female,0,0,8.0292,Q,1,0,1,0,0
349,3,female,0,0,7.75,Q,0,0,0,1,0
350,3,male,0,0,7.75,Q,0,0,0,0,0
351,3,female,0,0,7.75,Q,0,0,0,0,0
352,3,male,0,0,7.75,Q,0,0,0,0,0
353,3,female,0,0,7.8792,Q,1,0,0,0,0
354,3,female,1,0,24.15,Q,1,0,0,0,0
355,3,male,1,0,24.15,Q,0,0,0,0,0
356,3,male,0,0,8.4583,Q,0,0,0,0,0
357,3,male,0,0,7.75,Q,0,0,0,0,0
358,3,female,0,0,7.7333,Q,1,0,0,0,0
359,3,female,0,0,7.75,Q,1,0,1,0,0
360,3,female,1,0,15.5,Q,1,0,0,0,0
361,3,female,1,0,15.5,Q,1,0,0,0,0
362,3,female,0,0,15.5,Q,1,0,0,0,0
363,3,female,0,0,7.75,Q,0,0,0,0,0
364,3,male,1,0,15.5,Q,0,0,0,0,0
365,3,male,0,0,7.8292,Q,0,0,0,0,0
366,3,female,1,0,15.5,Q,1,0,0,0,0
367,3,male,0,0,7.7333,Q,0,0,0,0,0
368,3,male,0,0,7.75,Q,0,0,0,0,0
369,3,male,0,0,7.75,Q,0,0,0,0,0
370,3,female,0,0,7.75,Q,0,0,0,0,0
371,3,female,0,0,7.75,Q,1,0,0,0,0
372,3,female,0,0,7.8792,Q,1,0,0,0,0
373,3,male,0,0,7.75,Q,1,0,0,0,0
374,3,female,0,0,7.8292,Q,1,0,0,0,0
375,3,female,0,0,7.6292,Q,0,0,0,0,0
376,3,female,0,0,8.1375,Q,0,0,0,0,0
377,3,male,4,1,29.125,Q,0,1,0,0,0
378,3,male,4,1,29.125,Q,0,1,0,0,0
379,3,male,4,1,29.125,Q,0,1,0,0,0
380,3,male,4,1,29.125,Q,0,1,0,0,0
381,3,male,4,1,29.125,Q,0,1,0,0,0
382,3,female,0,5,29.125,Q,0,0,0,1,0
383,3,female,0,0,7.7208,Q,1,0,0,0,0
384,3,male,0,0,7.75,Q,1,0,0,0,0
385,3,male,0,0,24.15,Q,0,0,0,0,0
386,3,male,0,0,7.7292,Q,0,0,0,0,0
387,3,male,0,0,7.725,Q,0,0,0,0,0
388,3,male,0,0,7.75,Q,0,0,0,0,0
389,3,female,0,0,7.7792,Q,1,0,0,0,0
390,3,male,0,0,7.75,Q,0,0,0,0,0
391,3,female,0,0,7.7333,Q,1,0,0,0,0
392,3,male,0,0,7.75,Q,0,0,0,0,0
393,1,female,0,0,211.3375,S,1,0,1,0,0
394,1,male,1,2,151.55,S,1,1,0,0,0
395,1,female,1,2,151.55,S,0,1,0,0,0
396,1,male,1,2,151.55,S,0,0,1,0,0
397,1,female,1,2,151.55,S,0,0,1,0,0
398,1,male,0,0,26.55,S,1,0,0,1,0
399,1,female,1,0,77.9583,S,1,0,0,0,1
400,1,male,0,0,0.0,S,0,0,0,1,0
401,1,female,2,0,51.4792,S,1,0,0,1,0
402,1,female,0,0,78.85,S,1,0,1,0,0
403,1,male,0,0,30.0,S,1,0,0,0,1
404,1,male,0,0,25.925,S,0,0,0,0,0
405,1,male,1,1,52.5542,S,1,0,0,1,0
406,1,female,1,1,52.5542,S,1,0,0,1,0
407,1,female,0,0,221.7792,S,1,0,1,0,0
408,1,female,0,0,135.6333,S,1,0,0,1,0
409,1,male,0,0,26.55,S,1,0,1,0,0
410,1,male,0,0,35.5,S,0,0,0,1,0
411,1,female,0,0,164.8667,S,1,0,1,0,0
412,1,female,0,0,26.55,S,1,0,0,0,1
413,1,male,0,0,26.55,S,0,0,0,1,0
414,1,female,0,1,55.0,S,1,0,1,0,0
415,1,male,0,0,26.55,S,1,0,0,0,0
416,1,male,0,0,30.5,S,0,0,0,1,0
417,1,female,2,0,51.4792,S,1,0,0,0,1
418,1,male,0,0,26.55,S,0,0,0,1,0
419,1,male,0,0,31.0,S,0,0,0,0,0
420,1,male,0,0,26.2875,S,1,0,0,1,0
421,1,male,0,0,5.0,S,0,0,0,1,0
422,1,male,0,0,47.1,S,0,0,1,0,0
423,1,male,0,0,47.1,S,0,0,1,0,0
424,1,male,1,2,120.0,S,1,0,1,0,0
425,1,female,1,2,120.0,S,1,0,1,0,0
426,1,male,1,2,120.0,S,1,0,0,1,0
427,1,female,1,2,120.0,S,1,0,0,1,0
428,1,male,0,0,26.0,S,0,0,0,1,0
429,1,male,1,0,78.85,S,0,0,0,1,0
430,1,female,1,0,78.85,S,1,0,0,0,1
431,1,male,1,0,61.175,S,0,0,0,1,0
432,1,female,1,0,61.175,S,1,0,0,1,0
433,1,male,1,0,53.1,S,1,0,1,0,0
434,1,female,1,0,53.1,S,1,0,0,1,0
435,1,female,0,0,86.5,S,1,0,1,0,0
436,1,female,0,1,55.0,S,1,0,0,0,0
437,1,male,0,0,0.0,S,0,0,0,0,0
438,1,female,0,0,151.55,S,1,0,1,0,0
439,1,male,0,0,52.0,S,0,0,0,0,0
440,1,male,0,0,25.5875,S,0,0,0,1,0
441,1,female,2,0,25.7,S,1,0,0,1,0
442,1,male,0,0,26.55,S,0,0,0,0,0
443,1,male,1,1,71.0,S,0,0,0,0,1
444,1,female,0,2,71.0,S,1,0,0,1,0
445,1,female,1,1,26.55,S,1,0,0,0,1
446,1,male,0,0,26.55,S,1,0,0,1,0
447,1,male,0,0,30.5,S,1,0,1,0,0
448,1,female,0,0,151.55,S,1,0,0,1,0
449,1,male,1,0,52.0,S,0,0,0,1,0
450,1,female,1,2,52.0,S,1,0,1,0,0
451,1,male,1,0,57.0,S,1,0,0,1,0
452,1,female,1,0,57.0,S,1,0,1,0,0
453,1,male,1,1,81.8583,S,1,0,0,1,0
454,1,male,0,2,81.8583,S,1,1,0,0,0
455,1,female,1,1,81.8583,S,1,0,0,1,0
456,1,male,0,0,221.7792,S,0,0,0,0,0
457,1,female,0,0,31.6833,S,1,0,0,0,0
458,1,male,0,0,26.3875,S,1,0,0,1,0
459,1,female,3,2,263.0,S,1,0,1,0,0
460,1,female,3,2,263.0,S,1,0,1,0,0
461,1,female,3,2,263.0,S,1,0,1,0,0
462,1,male,3,2,263.0,S,0,0,1,0,0
463,1,male,1,4,263.0,S,0,0,0,0,1
464,1,female,1,4,263.0,S,1,0,0,0,1
465,1,male,0,0,26.55,S,0,0,0,0,0
466,1,male,2,0,133.65,S,1,0,0,1,0
467,1,female,1,0,133.65,S,1,0,0,0,0
468,1,male,0,0,0.0,S,0,0,0,0,0
469,1,male,1,0,53.1,S,0,0,0,1,0
470,1,female,1,0,53.1,S,1,0,0,1,0
471,1,male,0,0,38.5,S,0,0,0,1,0
472,1,female,0,0,30.0,S,1,0,1,0,0
473,1,male,0,1,153.4625,S,0,0,0,1,0
474,1,female,0,1,153.4625,S,1,0,0,0,1
475,1,male,0,0,42.4,S,0,0,0,0,0
476,1,male,1,0,83.475,S,0,0,0,1,0
477,1,female,1,0,83.475,S,1,0,0,1,0
478,1,male,0,0,0.0,S,0,0,0,1,0
479,1,male,0,0,30.0,S,1,0,0,0,0
480,1,male,1,1,93.5,S,0,0,0,1,0
481,1,female,1,1,93.5,S,1,0,0,1,0
482,1,male,0,0,42.5,S,0,0,0,1,0
483,1,male,0,0,51.8625,S,0,0,0,0,0
484,1,male,0,0,50.0,S,0,0,0,1,0
485,1,female,1,0,77.9583,S,1,0,0,1,0
486,1,male,1,0,52.0,S,0,0,0,1,0
487,1,female,1,0,52.0,S,1,0,0,1,0
488,1,male,1,0,90.0,S,1,0,0,1,0
489,1,female,1,0,90.0,S,1,0,0,1,0
490,1,male,0,0,0.0,S,1,0,0,1,0
491,1,male,0,0,26.0,S,0,0,0,1,0
492,1,male,0,0,26.0,S,0,0,0,1,0
493,1,male,1,0,51.8625,S,0,0,0,1,0
494,1,female,1,0,51.8625,S,1,0,0,0,0
495,1,male,1,0,52.5542,S,1,0,0,1,0
496,1,female,1,0,52.5542,S,1,0,0,1,0
497,1,male,0,0,26.55,S,0,0,0,0,0
498,1,female,0,0,211.3375,S,1,0,0,1,0
499,1,female,0,0,25.9292,S,1,0,0,1,0
500,1,male,0,0,26.55,S,0,0,0,1,0
501,1,female,0,1,39.4,S,1,0,1,0,0
502,1,female,0,1,39.4,S,1,0,0,1,0
503,1,male,0,0,30.0,S,0,0,1,0,0
504,1,female,0,0,77.9583,S,1,0,1,0,0
505,1,male,0,0,45.5,S,0,0,1,0,0
506,1,female,0,1,211.3375,S,1,0,1,0,0
507,1,male,0,0,26.0,S,0,0,1,0,0
508,1,female,0,0,86.5,S,1,0,1,0,0
509,1,male,1,0,53.1,S,0,0,1,0,0
510,1,female,1,0,53.1,S,1,0,1,0,0
511,1,male,0,0,51.8625,S,0,0,0,1,0
512,1,male,0,0,26.2875,S,1,0,0,1,0
513,1,male,0,0,26.55,S,0,0,0,0,1
514,1,male,0,0,30.5,S,0,0,0,1,0
515,1,male,0,0,42.4,S,0,0,0,1,0
516,1,female,0,2,26.2833,S,1,0,1,0,0
517,1,male,0,0,26.0,S,0,0,0,0,1
518,1,male,0,0,0.0,S,0,0,0,0,0
519,1,male,0,0,28.5,S,0,0,0,1,0
520,1,male,0,0,93.5,S,0,0,1,0,0
521,1,male,1,0,66.6,S,0,0,1,0,0
522,1,female,1,0,66.6,S,1,0,1,0,0
523,1,female,0,0,93.5,S,1,0,1,0,0
524,1,male,0,0,30.5,S,1,0,0,1,0
525,1,male,0,0,52.0,S,0,0,0,1,0
526,1,male,0,0,0.0,S,0,0,0,1,0
527,1,male,0,0,39.6,S,1,0,0,0,0
528,1,female,0,1,211.3375,S,1,0,0,1,0
529,1,male,0,0,50.4958,S,0,0,0,1,0
530,1,male,0,0,26.55,S,1,0,0,1,0
531,1,male,0,0,50.0,S,0,0,0,0,0
532,1,female,0,0,86.5,S,1,0,0,1,0
533,1,male,0,0,26.55,S,0,0,0,1,0
534,1,male,0,0,30.5,S,1,0,0,0,0
535,1,male,0,0,26.0,S,1,0,0,0,0
536,1,male,0,0,26.55,S,1,0,0,1,0
537,1,female,0,0,153.4625,S,1,0,0,1,0
538,1,male,0,0,26.2875,S,1,0,0,1,0
539,1,male,1,0,55.9,S,0,0,0,1,0
540,1,female,1,0,55.9,S,1,0,0,1,0
541,1,male,0,0,35.5,S,1,0,1,0,0
542,1,male,0,0,26.55,S,0,0,0,0,1
543,1,male,1,0,60.0,S,0,0,1,0,0
544,1,male,0,0,26.0,S,0,0,0,0,0
545,1,female,1,0,60.0,S,1,0,1,0,0
546,1,male,1,0,82.2667,S,1,0,1,0,0
547,1,female,1,0,82.2667,S,1,0,1,0,0
548,1,male,0,0,26.55,S,0,0,0,0,1
549,1,male,1,0,221.7792,S,0,0,0,0,1
550,1,female,1,0,221.7792,S,0,0,0,0,1
551,1,male,0,0,32.3208,S,0,0,0,0,1
552,1,female,0,0,25.9292,S,1,0,0,1,0
553,1,female,0,2,79.65,S,1,0,1,0,0
554,1,male,1,1,79.65,S,0,0,0,1,0
555,1,female,1,1,79.65,S,1,0,0,1,0
556,1,male,1,0,52.0,S,1,0,0,1,0
557,1,female,1,0,52.0,S,1,0,0,0,0
558,1,male,0,0,33.5,S,0,0,0,0,1
559,1,male,0,0,34.0208,S,0,0,0,1,0
560,1,male,0,0,26.55,S,0,0,0,0,1
561,1,male,0,1,77.2875,S,0,0,0,1,0
562,1,male,0,1,77.2875,S,0,0,1,0,0
563,1,female,0,2,164.8667,S,1,0,0,1,0
564,1,male,1,1,164.8667,S,0,0,0,0,1
565,1,female,1,1,164.8667,S,1,0,0,1,0
566,1,female,0,0,26.55,S,1,0,1,0,0
567,1,male,0,0,35.0,S,0,0,0,0,0
568,1,male,0,0,35.5,S,1,0,0,0,0
569,1,male,0,0,26.55,S,0,0,0,0,1
570,2,male,0,0,13.0,S,0,0,1,0,0
571,2,male,0,0,11.5,S,0,0,1,0,0
572,2,male,0,0,10.5,S,0,0,1,0,0
573,2,male,1,0,26.0,S,0,0,0,1,0
574,2,female,1,0,26.0,S,1,0,0,1,0
575,2,male,0,0,13.0,S,0,0,0,0,1
576,2,male,0,0,11.5,S,0,0,1,0,0
577,2,male,0,0,10.5,S,0,0,1,0,0
578,2,female,0,0,13.0,S,1,0,0,1,0
579,2,male,0,0,10.5,S,0,0,1,0,0
580,2,male,0,0,12.525,S,0,0,0,1,0
581,2,male,1,0,26.0,S,1,0,0,1,0
582,2,female,1,0,26.0,S,1,0,1,0,0
583,2,male,0,0,26.0,S,0,0,1,0,0
584,2,male,2,1,39.0,S,1,1,0,0,0
585,2,female,2,1,39.0,S,1,1,0,0,0
586,2,female,2,1,39.0,S,1,0,1,0,0
587,2,female,0,3,39.0,S,1,0,0,1,0
588,2,male,0,0,13.0,S,1,0,0,1,0
589,2,female,0,0,13.0,S,1,0,1,0,0
590,2,male,0,0,13.0,S,0,0,1,0,0
591,2,male,0,0,13.0,S,0,0,1,0,0
592,2,male,0,0,13.0,S,0,0,0,1,0
593,2,male,0,0,13.0,S,0,0,1,0,0
594,2,female,0,0,13.0,S,1,0,1,0,0
595,2,female,0,2,39.0,S,1,0,1,0,0
596,2,male,1,1,39.0,S,0,0,0,0,1
597,2,female,1,1,39.0,S,1,0,0,1,0
598,2,female,1,0,26.0,S,1,0,1,0,0
599,2,male,1,0,26.0,S,0,0,1,0,0
600,2,female,0,0,13.0,S,1,0,0,1,0
601,2,male,0,0,13.0,S,0,0,1,0,0
602,2,male,0,0,13.0,S,0,0,0,1,0
603,2,female,0,0,13.0,S,1,0,0,1,0
604,2,male,0,2,29.0,S,1,1,0,0,0
605,2,male,1,1,29.0,S,1,0,1,0,0
606,2,female,1,1,29.0,S,1,0,1,0,0
607,2,female,0,0,21.0,S,1,0,0,1,0
608,2,male,0,0,0.0,S,0,0,0,0,0
609,2,male,0,0,13.0,S,0,0,1,0,0
610,2,female,1,0,26.0,S,0,0,0,1,0
611,2,male,1,0,26.0,S,0,0,0,1,0
612,2,male,0,0,13.5,S,0,0,0,1,0
613,2,male,1,0,26.0,S,0,0,0,1,0
614,2,female,1,0,26.0,S,0,0,1,0,0
615,2,female,1,1,30.0,S,1,0,1,0,0
616,2,female,0,2,30.0,S,1,0,0,1,0
617,2,male,1,0,26.0,S,0,0,1,0,0
618,2,female,1,0,26.0,S,1,0,1,0,0
619,2,male,0,0,10.5,S,0,0,1,0,0
620,2,male,0,0,13.0,S,0,0,1,0,0
621,2,male,0,0,10.5,S,1,0,1,0,0
622,2,female,0,2,26.25,S,1,1,0,0,0
623,2,male,1,1,26.25,S,0,0,0,1,0
624,2,female,1,1,26.25,S,1,0,0,1,0
625,2,female,0,0,10.5,S,1,0,1,0,0
626,2,female,0,0,13.0,S,0,0,1,0,0
627,2,female,0,0,21.0,S,0,0,0,0,0
628,2,male,0,0,11.5,S,0,0,1,0,0
629,2,male,0,0,0.0,S,0,0,0,0,0
630,2,male,1,1,36.75,S,1,1,0,0,0
631,2,male,0,0,73.5,S,0,0,1,0,0
632,2,female,0,2,36.75,S,1,0,0,1,0
633,2,female,0,0,13.0,S,1,0,1,0,0
634,2,male,0,0,13.0,S,0,0,0,1,0
635,2,male,0,0,73.5,S,0,0,1,0,0
636,2,male,0,0,31.5,S,0,0,1,0,0
637,2,male,0,0,73.5,S,0,0,1,0,0
638,2,female,0,1,23.0,S,1,0,1,0,0
639,2,female,0,1,23.0,S,1,0,0,1,0
640,2,male,0,0,26.0,S,0,0,0,1,0
641,2,male,0,2,32.5,S,1,1,0,0,0
642,2,male,1,1,32.5,S,0,0,0,1,0
643,2,female,1,1,32.5,S,1,0,0,1,0
644,2,male,0,0,13.0,S,0,0,1,0,0
645,2,male,0,0,13.0,S,0,0,1,0,0
646,2,male,0,0,13.0,S,0,0,1,0,0
647,2,male,1,0,26.0,S,0,0,0,1,0
648,2,female,1,0,26.0,S,1,0,1,0,0
649,2,male,0,0,10.5,S,0,0,1,0,0
650,2,male,0,0,13.0,S,0,0,0,1,0
651,2,male,0,0,0.0,S,0,0,0,0,0
652,2,female,0,0,13.0,S,0,0,0,1,0
653,2,male,0,0,26.0,S,0,0,0,1,0
654,2,male,1,0,21.0,S,0,0,0,1,0
655,2,male,1,0,21.0,S,0,0,0,1,0
656,2,female,0,0,13.0,S,1,0,0,1,0
657,2,male,0,0,26.0,S,0,0,1,0,0
658,2,male,0,0,10.5,S,0,0,1,0,0
659,2,male,0,0,10.5,S,0,0,0,1,0
660,2,male,1,0,11.5,S,0,0,1,0,0
661,2,male,1,0,11.5,S,0,0,1,0,0
662,2,male,0,0,13.5,S,0,0,1,0,0
663,2,male,0,0,13.0,S,0,0,1,0,0
664,2,male,0,0,13.0,S,0,0,0,1,0
665,2,male,0,0,13.0,S,0,0,1,0,0
666,2,male,0,0,13.0,S,0,0,0,1,0
667,2,male,0,0,13.0,S,0,0,1,0,0
668,2,male,1,1,14.5,S,1,1,0,0,0
669,2,female,0,2,14.5,S,1,0,1,0,0
670,2,male,0,0,13.0,S,0,0,0,1,0
671,2,female,0,1,33.0,S,1,1,0,0,0
672,2,male,0,1,33.0,S,0,0,1,0,0
673,2,male,0,0,10.5,S,1,0,0,0,1
674,2,male,0,0,10.5,S,0,0,1,0,0
675,2,female,0,2,26.25,S,1,1,0,0,0
676,2,male,1,1,26.25,S,0,0,0,1,0
677,2,female,1,1,26.25,S,1,0,0,1,0
678,2,female,1,2,65.0,S,1,0,1,0,0
679,2,female,1,2,65.0,S,1,0,1,0,0
680,2,male,1,2,65.0,S,0,0,0,1,0
681,2,female,1,2,65.0,S,1,0,0,1,0
682,2,female,0,0,16.0,S,1,0,0,1,0
683,2,male,2,0,73.5,S,0,0,1,0,0
684,2,male,2,0,73.5,S,0,0,0,1,0
685,2,male,2,0,73.5,S,0,0,1,0,0
686,2,female,1,1,13.0,S,0,0,1,0,0
687,2,female,2,1,23.0,S,1,0,1,0,0
688,2,male,2,1,11.5,S,0,0,1,0,0
689,2,male,0,0,13.0,S,0,0,0,1,0
690,2,female,1,3,23.0,S,1,0,0,1,0
691,2,male,0,0,13.0,S,0,0,0,1,0
692,2,male,1,0,26.0,S,0,0,0,1,0
693,2,female,1,0,26.0,S,1,0,1,0,0
694,2,male,0,0,73.5,S,0,0,1,0,0
695,2,male,0,0,13.0,S,1,0,0,1,0
696,2,male,1,0,26.0,S,0,0,0,0,1
697,2,female,1,0,26.0,S,0,0,0,0,1
698,2,male,0,0,12.275,S,0,0,0,1,0
699,2,female,0,0,10.5,S,1,0,1,0,0
700,2,male,1,0,27.0,S,0,0,0,1,0
701,2,female,2,1,27.0,S,1,0,1,0,0
702,2,male,0,0,15.0,S,0,0,0,1,0
703,2,male,2,0,31.5,S,0,0,1,0,0
704,2,male,2,0,31.5,S,0,0,1,0,0
705,2,male,0,0,10.5,S,0,0,0,1,0
706,2,male,1,0,26.0,S,0,0,0,1,0
707,2,female,1,0,26.0,S,1,0,1,0,0
708,2,female,0,0,21.0,S,0,0,1,0,0
709,2,female,0,0,13.5,S,1,0,0,1,0
710,2,male,0,0,0.0,S,0,0,0,0,0
711,2,male,0,0,10.5,S,0,0,0,1,0
712,2,female,1,1,26.0,S,0,0,1,0,0
713,2,male,1,1,26.0,S,0,0,1,0,0
714,2,female,0,0,33.0,S,1,0,0,0,0
715,2,female,0,0,10.5,S,1,0,0,1,0
716,2,male,0,0,10.5,S,0,0,1,0,0
717,2,male,1,0,26.0,S,0,0,0,1,0
718,2,female,1,0,26.0,S,1,0,0,1,0
719,2,female,0,0,10.5,S,0,0,0,0,1
720,2,male,0,0,13.0,S,0,0,1,0,0
721,2,male,0,0,16.0,S,0,0,0,1,0
722,2,male,0,0,13.5,S,0,0,0,1,0
723,2,male,0,0,13.0,S,0,0,1,0,0
724,2,male,0,0,26.0,S,0,0,0,1,0
725,2,female,0,1,19.5,S,1,0,1,0,0
726,2,female,0,1,19.5,S,1,0,0,1,0
727,2,male,0,0,10.5,S,1,0,1,0,0
728,2,male,0,0,13.0,S,0,0,0,1,0
729,2,male,0,0,13.0,S,0,0,0,1,0
730,2,male,0,0,10.5,S,0,0,0,0,1
731,2,male,0,0,13.0,S,0,0,1,0,0
732,2,male,0,0,14.0,S,0,0,0,1,0
733,2,male,0,0,26.0,S,0,0,0,1,0
734,2,male,0,0,10.5,S,0,0,1,0,0
735,2,male,1,1,26.0,S,1,1,0,0,0
736,2,male,1,1,26.0,S,1,1,0,0,0
737,2,male,0,2,26.0,S,0,0,0,1,0
738,2,male,0,0,13.0,S,0,0,1,0,0
739,2,male,1,1,36.75,S,0,0,1,0,0
740,2,male,0,0,13.5,S,0,0,1,0,0
741,2,female,0,0,10.5,S,1,0,1,0,0
742,2,male,0,0,13.0,S,0,0,0,1,0
743,2,male,0,0,10.5,S,1,0,1,0,0
744,2,male,0,0,10.5,S,0,0,1,0,0
745,2,male,0,0,10.5,S,0,0,1,0,0
746,2,male,0,0,0.0,S,0,0,0,0,0
747,2,female,0,1,26.0,S,1,0,0,1,0
748,2,male,0,0,10.5,S,0,0,1,0,0
749,2,male,0,0,13.0,S,0,0,0,1,0
750,2,female,0,1,21.0,S,1,0,1,0,0
751,2,female,0,0,26.0,S,1,0,1,0,0
752,2,male,0,1,21.0,S,0,0,0,1,0
753,2,female,0,0,13.0,S,1,0,0,1,0
754,2,male,0,0,13.0,S,0,0,0,1,0
755,2,female,1,1,26.0,S,1,1,0,0,0
756,2,female,1,1,26.0,S,1,1,0,0,0
757,2,female,0,2,26.0,S,1,0,0,1,0
758,2,male,0,0,10.5,S,0,0,0,1,0
759,2,male,1,0,21.0,S,0,0,0,1,0
760,2,female,3,0,21.0,S,1,0,1,0,0
761,2,female,0,0,13.0,S,1,0,1,0,0
762,2,male,1,1,18.75,S,1,1,0,0,0
763,2,male,1,1,18.75,S,1,1,0,0,0
764,2,female,2,3,18.75,S,1,0,1,0,0
765,2,female,0,0,10.5,S,1,0,0,1,0
766,2,male,0,0,10.5,S,0,0,1,0,0
767,2,female,0,0,10.5,S,1,0,1,0,0
768,2,male,0,0,13.0,S,0,0,1,0,0
769,2,male,0,0,13.0,S,0,0,1,0,0
770,2,male,0,0,26.0,S,0,0,1,0,0
771,2,female,0,1,26.0,S,1,0,1,0,0
772,2,female,0,2,13.0,S,1,0,1,0,0
773,2,female,0,0,36.75,S,1,0,1,0,0
774,2,female,0,0,13.0,S,1,0,1,0,0
775,2,male,0,0,13.5,S,0,0,0,0,1
776,2,male,0,0,10.5,S,0,0,0,1,0
777,2,female,0,0,13.0,S,1,0,0,1,0
778,2,male,0,0,13.0,S,0,0,1,0,0
779,2,male,0,0,10.5,S,0,0,1,0,0
780,2,male,0,0,13.0,S,0,0,1,0,0
781,2,male,0,0,65.0,S,0,0,1,0,0
782,2,female,0,0,10.5,S,1,0,0,1,0
783,2,male,0,0,13.0,S,0,0,1,0,0
784,2,female,0,0,12.65,S,1,0,1,0,0
785,2,female,0,0,10.5,S,1,0,1,0,0
786,2,male,1,0,21.0,S,0,0,1,0,0
787,2,female,1,0,21.0,S,0,0,1,0,0
788,2,male,0,0,13.0,S,0,0,0,1,0
789,2,female,0,0,21.0,S,1,0,0,1,0
790,2,male,1,0,21.0,S,0,0,1,0,0
791,2,male,1,0,10.5,S,0,0,1,0,0
792,2,female,0,0,21.0,S,1,0,0,1,0
793,2,male,0,0,0.0,S,0,0,0,0,0
794,2,female,0,0,15.75,S,1,0,1,0,0
795,2,female,0,0,15.75,S,1,0,0,1,0
796,2,female,0,0,13.0,S,1,0,0,1,0
797,2,male,1,0,26.0,S,0,0,1,0,0
798,2,female,1,0,26.0,S,1,0,1,0,0
799,2,male,1,1,23.0,S,1,1,0,0,0
800,2,female,1,1,23.0,S,1,1,0,0,0
801,2,female,0,2,23.0,S,1,0,1,0,0
802,2,female,1,2,27.75,S,1,1,0,0,0
803,2,female,1,2,27.75,S,1,1,0,0,0
804,2,male,1,2,27.75,S,0,0,0,1,0
805,2,female,1,2,27.75,S,1,0,0,1,0
806,2,male,0,0,10.5,S,0,0,0,0,1
807,2,male,0,0,12.875,S,0,0,0,0,0
808,2,male,0,0,13.0,S,1,0,0,1,0
809,2,male,0,0,13.0,S,1,0,0,0,0
810,2,female,0,0,13.5,S,1,0,1,0,0
811,2,female,0,0,13.0,S,0,0,1,0,0
812,3,male,0,0,7.55,S,0,0,0,1,0
813,3,male,0,2,20.25,S,0,0,1,0,0
814,3,male,1,1,20.25,S,0,0,1,0,0
815,3,female,1,1,20.25,S,1,0,0,1,0
816,3,female,0,0,7.65,S,1,0,1,0,0
817,3,male,0,0,7.65,S,1,0,1,0,0
818,3,male,0,0,7.925,S,1,0,1,0,0
819,3,male,0,0,7.25,S,0,0,1,0,0
820,3,male,0,0,8.05,S,0,0,1,0,0
821,3,female,1,0,9.475,S,0,0,0,1,0
822,3,male,0,1,9.35,S,1,1,0,0,0
823,3,female,0,1,9.35,S,1,0,1,0,0
824,3,male,0,0,7.8875,S,0,0,1,0,0
825,3,male,0,0,7.925,S,0,0,1,0,0
826,3,male,0,0,7.05,S,0,0,1,0,0
827,3,male,0,0,7.05,S,0,0,1,0,0
828,3,male,0,0,8.05,S,0,0,0,1,0
829,3,male,0,0,8.3,S,0,0,1,0,0
830,3,male,0,0,22.525,S,0,0,0,1,0
831,3,female,1,0,7.8542,S,1,0,1,0,0
832,3,male,4,2,31.275,S,0,1,0,0,0
833,3,female,4,2,31.275,S,0,1,0,0,0
834,3,female,4,2,31.275,S,0,1,0,0,0
835,3,female,4,2,7.925,S,1,0,1,0,0
836,3,female,4,2,7.775,S,0,0,0,1,0
837,3,female,4,2,31.275,S,0,1,0,0,0
838,3,female,4,2,31.275,S,0,0,1,0,0
839,3,male,1,5,31.275,S,0,0,0,1,0
840,3,male,0,0,7.7958,S,1,0,1,0,0
841,3,male,0,0,7.775,S,0,0,1,0,0
842,3,female,1,5,31.275,S,0,0,0,1,0
843,3,male,0,0,7.8542,S,0,0,1,0,0
844,3,male,0,0,7.8958,S,0,0,1,0,0
845,3,male,1,0,17.8,S,0,0,1,0,0
846,3,female,1,0,17.8,S,0,0,1,0,0
847,3,male,0,0,7.775,S,0,0,1,0,0
848,3,male,0,0,7.05,S,0,0,0,1,0
849,3,male,4,2,31.3875,S,0,1,0,0,0
850,3,male,4,2,31.3875,S,0,1,0,0,0
851,3,male,4,2,31.3875,S,1,1,0,0,0
852,3,male,4,2,31.3875,S,0,0,1,0,0
853,3,female,4,2,31.3875,S,1,1,0,0,0
854,3,male,1,5,31.3875,S,0,0,0,1,0
855,3,male,0,0,7.7958,S,1,0,1,0,0
856,3,female,1,5,31.3875,S,1,0,0,1,0
857,3,male,0,0,7.05,S,0,0,1,0,0
858,3,male,0,0,7.8542,S,0,0,1,0,0
859,3,male,1,0,15.85,S,0,0,0,1,0
860,3,female,3,0,15.85,S,1,0,0,1,0
861,3,female,0,0,8.05,S,1,0,1,0,0
862,3,male,0,0,7.8958,S,0,0,1,0,0
863,3,male,0,0,8.05,S,0,0,1,0,0
864,3,male,0,0,8.05,S,0,0,1,0,0
865,3,male,0,0,7.775,S,0,0,1,0,0
866,3,male,0,0,9.35,S,0,0,1,0,0
867,3,male,0,0,56.4958,S,1,0,0,1,0
868,3,male,0,0,7.775,S,0,0,1,0,0
869,3,male,0,0,7.75,S,0,0,1,0,0
870,3,male,0,0,7.8958,S,0,0,1,0,0
871,3,male,0,0,16.1,S,0,0,1,0,0
872,3,female,0,0,7.8542,S,0,0,1,0,0
873,3,male,1,0,7.0458,S,0,0,1,0,0
874,3,male,1,0,7.25,S,0,0,1,0,0
875,3,male,0,0,7.7958,S,0,0,1,0,0
876,3,male,0,0,8.05,S,0,0,0,1,0
877,3,female,0,0,8.6625,S,0,0,1,0,0
878,3,female,0,0,8.6625,S,0,0,1,0,0
879,3,male,0,0,8.6625,S,0,0,1,0,0
880,3,male,0,0,8.6625,S,0,0,0,1,0
881,3,male,0,0,8.6625,S,0,0,1,0,0
882,3,male,0,0,8.6625,S,0,0,1,0,0
883,3,male,0,0,8.05,S,0,0,1,0,0
884,3,male,0,0,7.7958,S,0,0,1,0,0
885,3,male,0,0,7.8542,S,0,0,1,0,0
886,3,male,0,0,7.25,S,0,0,1,0,0
887,3,male,0,0,8.05,S,0,0,1,0,0
888,3,male,0,0,56.4958,S,1,0,0,1,0
889,3,male,0,0,8.05,S,0,0,1,0,0
890,3,male,0,0,7.05,S,0,0,1,0,0
891,3,male,0,0,8.05,S,1,0,1,0,0
892,3,male,0,0,7.4958,S,0,0,0,1,0
893,3,male,0,0,7.4958,S,0,0,1,0,0
894,3,male,0,0,8.05,S,0,0,0,1,0
895,3,male,0,0,7.8958,S,0,0,0,1,0
896,3,male,0,0,7.8958,S,0,0,1,0,0
897,3,male,0,0,7.8958,S,0,0,1,0,0
898,3,male,0,0,8.05,S,0,0,1,0,0
899,3,male,1,1,15.9,S,1,1,0,0,0
900,3,male,1,1,15.9,S,1,1,0,0,0
901,3,female,0,2,15.9,S,1,0,0,1,0
902,3,male,0,0,7.25,S,0,0,0,0,1
903,3,male,0,0,8.1583,S,0,0,1,0,0
904,3,female,0,1,16.1,S,1,0,1,0,0
905,3,male,0,1,16.1,S,0,0,0,1,0
906,3,male,0,0,8.6625,S,0,0,1,0,0
907,3,male,0,0,8.05,S,1,0,0,1,0
908,3,female,0,0,10.5167,S,0,0,1,0,0
909,3,male,0,0,10.1708,S,0,0,1,0,0
910,3,male,0,2,14.4,S,0,1,0,0,0
911,3,male,1,1,14.4,S,0,0,0,1,0
912,3,female,1,1,14.4,S,0,0,1,0,0
913,3,male,0,0,7.8958,S,0,0,1,0,0
914,3,male,0,0,7.8958,S,0,0,1,0,0
915,3,male,2,0,24.15,S,0,0,1,0,0
916,3,male,0,0,8.05,S,0,0,1,0,0
917,3,male,2,0,24.15,S,0,0,1,0,0
918,3,male,2,0,8.05,S,0,0,1,0,0
919,3,male,1,0,16.1,S,0,0,0,0,0
920,3,female,1,0,16.1,S,1,0,0,0,0
921,3,male,1,0,17.4,S,1,0,0,1,0
922,3,female,1,0,17.4,S,1,0,0,1,0
923,3,male,0,0,9.5,S,1,0,1,0,0
924,3,male,0,0,9.5,S,0,0,1,0,0
925,3,male,1,2,20.575,S,1,1,0,0,0
926,3,female,1,2,20.575,S,1,1,0,0,0
927,3,male,1,2,20.575,S,0,0,1,0,0
928,3,female,1,2,20.575,S,1,0,0,1,0
929,3,male,0,0,7.8958,S,0,0,1,0,0
930,3,male,0,0,7.8958,S,0,0,0,0,0
931,3,male,0,0,7.8958,S,0,0,0,0,0
932,3,male,0,0,7.25,S,0,0,1,0,0
933,3,male,0,0,7.25,S,0,0,0,1,0
934,3,male,0,0,7.8958,S,0,0,1,0,0
935,3,male,0,0,8.6625,S,0,0,0,1,0
936,3,male,0,0,7.8958,S,0,0,0,1,0
937,3,male,0,0,8.05,S,1,0,1,0,0
938,3,female,0,0,12.475,S,1,0,1,0,0
939,3,female,0,0,8.05,S,1,0,1,0,0
940,3,male,0,0,7.55,S,1,0,1,0,0
941,3,male,1,0,13.9,S,0,0,1,0,0
942,3,female,1,0,13.9,S,1,0,1,0,0
943,3,male,0,0,7.775,S,0,0,1,0,0
944,3,male,0,0,7.775,S,0,0,1,0,0
945,3,male,0,0,6.975,S,0,0,0,1,0
946,3,male,0,0,7.25,S,0,0,0,1,0
947,3,female,0,0,12.475,S,1,1,0,0,0
948,3,male,0,0,15.1,S,0,0,0,1,0
949,3,male,0,0,7.05,S,1,0,0,0,0
950,3,male,0,0,7.7958,S,0,0,1,0,0
951,3,male,0,0,56.4958,S,1,0,0,0,0
952,3,female,2,2,34.375,S,0,0,1,0,0
953,3,female,2,2,34.375,S,0,1,0,0,0
954,3,male,0,0,8.05,S,0,0,0,0,0
955,3,male,2,2,34.375,S,0,0,1,0,0
956,3,male,1,3,34.375,S,0,0,1,0,0
957,3,female,1,3,34.375,S,0,0,0,1,0
958,3,male,0,0,7.25,S,0,0,0,0,0
959,3,male,0,0,14.5,S,0,0,0,0,0
960,3,male,0,0,8.05,S,0,0,1,0,0
961,3,male,0,2,20.525,S,1,1,0,0,0
962,3,male,1,1,20.525,S,0,0,0,1,0
963,3,male,0,0,7.85,S,0,0,0,1,0
964,3,female,1,1,20.525,S,1,0,0,1,0
965,3,male,0,0,7.05,S,0,0,0,1,0
966,3,male,5,2,46.9,S,0,1,0,0,0
967,3,male,5,2,46.9,S,0,1,0,0,0
968,3,male,5,2,46.9,S,0,0,1,0,0
969,3,female,5,2,46.9,S,0,1,0,0,0
970,3,female,5,2,46.9,S,0,0,1,0,0
971,3,male,5,2,46.9,S,0,0,1,0,0
972,3,male,1,6,46.9,S,0,0,0,1,0
973,3,female,1,6,46.9,S,0,0,0,1,0
974,3,male,0,0,8.05,S,0,0,0,1,0
975,3,male,0,0,8.3625,S,0,0,0,1,0
976,3,male,0,0,8.05,S,0,0,0,0,0
977,3,male,0,0,9.8458,S,0,0,1,0,0
978,3,male,2,0,7.925,S,0,0,0,1,0
979,3,male,2,0,7.925,S,0,0,1,0,0
980,3,male,0,0,7.775,S,0,0,1,0,0
981,3,female,0,0,8.85,S,0,0,1,0,0
982,3,male,1,0,19.9667,S,0,0,0,0,0
983,3,male,1,0,19.9667,S,0,0,0,0,0
984,3,male,1,0,15.85,S,0,0,1,0,0
985,3,female,1,0,15.85,S,1,0,1,0,0
986,3,male,0,0,9.5,S,0,0,1,0,0
987,3,male,2,0,14.1083,S,0,0,0,1,0
988,3,male,1,0,7.8542,S,0,0,1,0,0
989,3,male,0,0,7.8542,S,0,0,1,0,0
990,3,female,1,0,14.1083,S,1,0,0,1,0
991,3,female,0,0,7.55,S,0,0,0,0,0
992,3,male,0,0,7.25,S,0,0,1,0,0
993,3,male,0,0,6.975,S,1,0,1,0,0
994,3,male,0,0,56.4958,S,1,0,0,0,0
995,3,female,0,0,7.925,S,1,0,1,0,0
996,3,female,0,0,7.925,S,0,0,1,0,0
997,3,female,0,0,8.9625,S,1,0,1,0,0
998,3,male,0,0,7.8958,S,0,0,1,0,0
999,3,female,0,0,7.775,S,0,0,1,0,0
1000,3,female,0,1,12.2875,S,1,1,0,0,0
1001,3,female,1,1,12.2875,S,1,0,1,0,0
1002,3,male,0,0,6.45,S,0,0,0,1,0
1003,3,male,0,0,22.525,S,0,0,1,0,0
1004,3,female,0,0,7.925,S,1,0,1,0,0
1005,3,female,0,0,8.05,S,1,0,0,0,0
1006,3,male,0,0,7.65,S,0,0,0,1,0
1007,3,male,0,0,7.8875,S,1,0,0,0,0
1008,3,male,0,0,7.8958,S,0,0,0,0,0
1009,3,female,1,0,7.925,S,0,0,1,0,0
1010,3,female,1,0,7.925,S,0,0,1,0,0
1011,3,male,0,0,7.8958,S,0,0,0,0,0
1012,3,male,0,0,7.7958,S,1,0,1,0,0
1013,3,male,0,0,7.05,S,0,0,0,0,0
1014,3,male,0,0,7.8542,S,0,0,1,0,0
1015,3,male,0,0,7.8542,S,0,0,0,1,0
1016,3,male,1,0,7.0542,S,0,0,1,0,0
1017,3,male,0,0,8.1125,S,1,0,0,0,0
1018,3,male,0,0,6.4958,S,0,0,0,1,0
1019,3,male,0,0,7.775,S,1,0,1,0,0
1020,3,male,0,0,7.7958,S,0,0,1,0,0
1021,3,male,0,0,8.6542,S,0,0,0,1,0
1022,3,male,0,0,7.775,S,0,0,0,1,0
1023,3,male,0,0,7.8542,S,0,0,1,0,0
1024,3,male,1,1,11.1333,S,1,1,0,0,0
1025,3,female,1,1,11.1333,S,1,1,0,0,0
1026,3,male,0,0,0.0,S,0,0,0,1,0
1027,3,male,0,0,7.775,S,0,0,0,1,0
1028,3,male,0,0,0.0,S,0,0,1,0,0
1029,3,female,0,2,11.1333,S,1,0,1,0,0
1030,3,male,1,2,23.45,S,0,0,0,0,0
1031,3,female,1,2,23.45,S,0,0,0,0,0
1032,3,male,1,2,23.45,S,0,0,0,0,0
1033,3,female,1,2,23.45,S,0,0,0,0,0
1034,3,male,0,0,7.8958,S,0,0,1,0,0
1035,3,male,0,0,7.8542,S,1,0,0,1,0
1036,3,male,0,0,7.8542,S,0,0,1,0,0
1037,3,female,1,0,9.825,S,0,0,1,0,0
1038,3,female,1,0,9.825,S,0,0,1,0,0
1039,3,male,0,0,7.925,S,1,0,0,1,0
1040,3,male,0,0,7.125,S,0,0,1,0,0
1041,3,male,0,0,8.4333,S,0,0,1,0,0
1042,3,male,0,0,7.8958,S,0,0,1,0,0
1043,3,male,0,0,7.7958,S,1,0,1,0,0
1044,3,male,0,0,7.8542,S,0,0,0,1,0
1045,3,male,0,0,7.5208,S,0,0,1,0,0
1046,3,male,0,0,7.25,S,0,0,0,0,0
1047,3,male,0,0,8.05,S,0,0,0,1,0
1048,3,female,2,0,8.6625,S,0,0,1,0,0
1049,3,male,2,0,8.6625,S,0,0,1,0,0
1050,3,female,0,2,22.025,S,1,1,0,0,0
1051,3,male,3,1,22.025,S,1,0,1,0,0
1052,3,female,1,1,22.025,S,1,0,1,0,0
1053,3,female,1,1,12.1833,S,0,1,0,0,0
1054,3,male,1,1,7.8542,S,0,0,1,0,0
1055,3,female,0,2,12.1833,S,0,0,0,1,0
1056,3,female,0,0,9.5875,S,0,0,0,1,0
1057,3,male,0,0,7.8958,S,0,0,0,0,0
1058,3,male,0,0,56.4958,S,1,0,0,0,0
1059,3,male,0,0,56.4958,S,0,0,0,0,0
1060,3,female,0,0,7.25,S,1,0,1,0,0
1061,3,male,0,0,56.4958,S,1,0,1,0,0
1062,3,male,0,0,9.4833,S,0,0,1,0,0
1063,3,male,0,0,7.775,S,0,0,1,0,0
1064,3,male,0,0,7.775,S,0,0,1,0,0
1065,3,male,3,1,25.4667,S,0,0,0,0,0
1066,3,female,3,1,25.4667,S,0,0,0,0,0
1067,3,female,3,1,25.4667,S,0,0,0,0,0
1068,3,female,3,1,25.4667,S,0,0,0,0,0
1069,3,female,0,4,25.4667,S,0,0,0,0,0
1070,3,male,0,0,7.925,S,0,0,0,1,0
1071,3,male,0,0,0.0,S,0,0,0,1,0
1072,3,male,0,0,24.15,S,0,0,0,1,0
1073,3,male,0,0,9.5,S,0,0,1,0,0
1074,3,female,0,0,7.775,S,0,0,1,0,0
1075,3,female,0,0,7.75,S,0,0,0,1,0
1076,3,male,1,0,15.55,S,0,0,0,1,0
1077,3,female,1,0,15.55,S,0,0,1,0,0
1078,3,male,1,0,7.925,S,1,0,1,0,0
1079,3,male,0,0,56.4958,S,0,0,1,0,0
1080,3,male,0,0,7.55,S,0,0,0,0,0
1081,3,male,1,0,16.1,S,0,0,1,0,0
1082,3,female,1,0,16.1,S,0,0,1,0,0
1083,3,male,0,0,7.8792,S,0,0,0,0,0
1084,3,male,0,0,7.25,S,0,0,1,0,0
1085,3,male,0,0,8.6625,S,1,0,1,0,0
1086,3,male,0,0,7.0542,S,0,0,0,1,0
1087,3,female,0,0,7.8542,S,1,0,1,0,0
1088,3,male,0,0,7.5792,S,1,0,0,1,0
1089,3,male,0,0,7.8958,S,0,0,0,0,0
1090,3,male,0,0,7.55,S,0,0,0,0,0
1091,3,male,0,0,7.1417,S,1,0,1,0,0
1092,3,male,0,0,7.125,S,0,0,1,0,0
1093,3,male,0,0,8.05,S,0,0,0,0,0
1094,3,male,0,0,7.925,S,0,0,1,0,0
1095,3,male,0,0,7.8958,S,0,0,0,1,0
1096,3,male,1,0,16.1,S,0,0,1,0,0
1097,3,female,1,0,16.1,S,0,0,1,0,0
1098,3,female,0,0,8.05,S,0,0,0,0,0
1099,3,female,0,0,8.05,S,0,0,0,0,0
1100,3,male,0,0,8.05,S,0,0,0,0,1
1101,3,male,0,0,7.775,S,1,0,1,0,0
1102,3,male,0,0,8.05,S,0,0,0,0,0
1103,3,male,0,0,7.8958,S,0,0,1,0,0
1104,3,male,0,0,7.8958,S,0,0,1,0,0
1105,3,male,0,0,7.8958,S,0,0,1,0,0
1106,3,male,0,0,7.8958,S,0,0,0,0,0
1107,3,male,0,0,7.65,S,0,0,1,0,0
1108,3,male,0,1,12.475,S,1,1,0,0,0
1109,3,female,0,1,12.475,S,1,0,1,0,0
1110,3,male,0,0,8.05,S,0,0,0,0,0
1111,3,male,0,0,8.05,S,0,0,0,1,0
1112,3,male,0,0,7.775,S,1,0,0,0,0
1113,3,male,0,0,8.05,S,0,0,0,0,0
1114,3,male,0,0,8.05,S,0,0,0,0,0
1115,3,male,0,0,7.75,S,0,0,1,0,0
1116,3,male,0,0,7.8958,S,0,0,1,0,0
1117,3,male,0,0,8.05,S,0,0,0,1,0
1118,3,male,0,0,7.8958,S,0,0,0,0,0
1119,3,male,0,0,7.8958,S,0,0,0,0,0
1120,3,female,0,0,7.925,S,0,0,1,0,0
1121,3,male,0,0,8.05,S,0,0,1,0,0
1122,3,female,0,0,7.775,S,1,0,1,0,0
1123,3,female,0,0,7.8542,S,1,0,1,0,0
1124,3,male,0,0,7.8542,S,0,0,1,0,0
1125,3,male,0,0,7.125,S,0,0,0,1,0
1126,3,male,0,0,7.925,S,1,0,0,1,0
1127,3,male,0,0,7.8,S,0,0,1,0,0
1128,3,female,0,0,7.75,S,1,0,1,0,0
1129,3,male,0,0,6.2375,S,0,0,0,0,1
1130,3,male,0,0,9.225,S,0,0,1,0,0
1131,3,female,0,0,7.775,S,1,0,1,0,0
1132,3,male,0,1,3.1708,S,1,1,0,0,0
1133,3,male,0,0,22.525,S,0,0,1,0,0
1134,3,male,0,1,8.4042,S,0,0,0,1,0
1135,3,male,0,0,7.3125,S,0,0,0,0,0
1136,3,female,0,0,7.8542,S,0,0,0,1,0
1137,3,male,0,0,7.8542,S,0,0,1,0,0
1138,3,male,0,0,7.775,S,1,0,0,1,0
1139,3,male,0,0,9.225,S,0,0,1,0,0
1140,3,female,0,0,8.6625,S,0,0,1,0,0
1141,3,female,0,0,8.6625,S,0,0,1,0,0
1142,3,male,0,0,8.6625,S,0,0,1,0,0
1143,3,male,0,0,9.2167,S,0,0,1,0,0
1144,3,female,0,0,8.6833,S,1,0,0,1,0
1145,3,male,3,1,21.075,S,0,1,0,0,0
1146,3,male,3,1,21.075,S,0,1,0,0,0
1147,3,female,3,1,21.075,S,0,1,0,0,0
1148,3,female,3,1,21.075,S,0,1,0,0,0
1149,3,female,0,4,21.075,S,0,0,1,0,0
1150,3,male,4,1,39.6875,S,0,1,0,0,0
1151,3,male,4,1,39.6875,S,0,1,0,0,0
1152,3,male,4,1,39.6875,S,0,1,0,0,0
1153,3,male,4,1,39.6875,S,0,0,1,0,0
1154,3,male,4,1,39.6875,S,0,0,1,0,0
1155,3,female,0,5,39.6875,S,0,0,0,1,0
1156,3,male,0,0,8.6625,S,0,0,1,0,0
1157,3,male,0,0,14.5,S,0,0,1,0,0
1158,3,male,0,0,7.8958,S,0,0,0,1,0
1159,3,male,1,1,13.775,S,0,1,0,0,0
1160,3,female,1,1,13.775,S,0,1,0,0,0
1161,3,female,0,2,13.775,S,0,0,1,0,0
1162,3,male,0,0,7.0,S,0,0,0,0,0
1163,3,male,0,0,7.775,S,0,0,0,0,0
1164,3,male,0,0,8.05,S,0,0,0,0,0
1165,3,male,0,0,7.925,S,0,0,1,0,0
1166,3,male,0,0,7.925,S,0,0,1,0,0
1167,3,male,0,0,7.25,S,0,0,1,0,0
1168,3,male,1,0,7.775,S,1,0,1,0,0
1169,3,male,0,0,8.05,S,0,0,1,0,0
1170,3,female,0,0,7.8958,S,0,0,1,0,0
1171,3,male,0,0,7.8958,S,0,0,1,0,0
1172,3,male,0,0,7.8958,S,0,0,0,0,0
1173,3,male,1,0,7.775,S,0,0,1,0,0
1174,3,female,0,0,7.775,S,0,0,1,0,0
1175,3,male,0,0,8.05,S,1,0,0,1,0
1176,3,male,0,0,7.8958,S,0,0,0,0,0
1177,3,male,0,0,8.6625,S,0,0,1,0,0
1178,3,male,0,0,8.6625,S,0,0,1,0,0
1179,3,male,0,0,7.8958,S,0,0,0,0,0
1180,3,female,0,0,8.1125,S,0,0,0,0,0
1181,3,male,0,0,7.25,S,0,0,0,0,0
1182,3,male,0,0,7.8958,S,0,0,0,1,0
1183,3,male,0,0,8.05,S,0,0,1,0,0
1184,3,female,0,0,39.6875,S,0,0,1,0,0
1185,3,male,0,0,7.125,S,0,0,0,1,0
1186,3,male,0,0,14.5,S,0,0,0,0,0
1187,3,female,0,0,14.5,S,0,0,0,0,0
1188,3,male,1,0,14.5,S,0,0,0,1,0
1189,3,female,1,0,14.5,S,0,0,0,1,0
1190,3,male,0,0,8.05,S,0,0,0,0,0
1191,3,male,0,0,7.775,S,0,0,0,0,0
1192,3,female,1,1,20.2125,S,0,1,0,0,0
1193,3,male,1,1,20.2125,S,0,0,1,0,0
1194,3,female,0,2,20.2125,S,0,0,0,1,0
1195,3,female,0,0,8.05,S,1,0,0,0,0
1196,3,male,0,0,8.05,S,0,0,0,1,0
1197,3,male,0,0,8.05,S,0,0,1,0,0
1198,3,male,0,0,7.575,S,0,0,0,0,0
1199,3,male,0,0,7.25,S,0,0,0,1,0
1200,3,male,8,2,69.55,S,0,0,0,0,0
1201,3,male,8,2,69.55,S,0,0,1,0,0
1202,3,female,8,2,69.55,S,0,0,0,0,0
1203,3,female,8,2,69.55,S,0,0,0,0,0
1204,3,female,8,2,69.55,S,0,0,0,0,0
1205,3,female,8,2,69.55,S,0,0,0,0,0
1206,3,male,8,2,69.55,S,0,0,0,0,0
1207,3,male,8,2,69.55,S,0,0,0,0,0
1208,3,male,8,2,69.55,S,0,0,0,0,0
1209,3,male,1,9,69.55,S,0,0,0,0,0
1210,3,female,1,9,69.55,S,0,0,0,0,0
1211,3,male,0,0,9.325,S,0,0,1,0,0
1212,3,female,0,0,7.65,S,1,0,1,0,0
1213,3,male,0,0,7.925,S,0,0,0,1,0
1214,3,female,1,1,16.7,S,1,1,0,0,0
1215,3,female,0,2,16.7,S,1,0,1,0,0
1216,3,female,1,1,16.7,S,1,1,0,0,0
1217,3,male,0,0,9.5,S,1,0,1,0,0
1218,3,male,0,0,8.05,S,0,0,1,0,0
1219,3,male,0,0,8.05,S,0,0,1,0,0
1220,3,male,0,0,7.8958,S,0,0,0,0,0
1221,3,male,0,0,9.5,S,1,0,1,0,0
1222,3,male,0,0,15.1,S,0,0,0,0,0
1223,3,male,0,0,8.05,S,0,0,0,0,0
1224,3,male,0,0,8.05,S,0,0,0,0,0
1225,3,male,0,0,8.05,S,0,0,0,0,0
1226,3,male,0,0,7.8958,S,0,0,0,1,0
1227,3,male,0,0,7.925,S,0,0,1,0,0
1228,3,female,0,0,7.4958,S,1,0,1,0,0
1229,3,male,3,2,27.9,S,0,1,0,0,0
1230,3,male,3,2,27.9,S,0,1,0,0,0
1231,3,female,3,2,27.9,S,0,1,0,0,0
1232,3,female,3,2,27.9,S,0,1,0,0,0
1233,3,male,1,4,27.9,S,0,0,0,1,0
1234,3,female,1,4,27.9,S,0,0,0,1,0
1235,3,male,0,0,7.8958,S,0,0,0,0,0
1236,3,male,0,0,8.05,S,0,0,0,0,0
1237,3,male,0,0,8.6625,S,0,0,0,0,0
1238,3,male,0,0,7.65,S,0,0,1,0,0
1239,3,male,0,0,8.05,S,0,0,1,0,0
1240,3,male,0,0,8.05,S,0,0,0,0,0
1241,3,male,0,0,8.05,S,0,0,0,1,0
1242,3,male,0,0,7.8958,S,0,0,0,0,0
1243,3,female,0,0,7.55,S,1,0,1,0,0
1244,3,male,0,0,8.05,S,0,0,1,0,0
1245,3,male,0,0,60.0,S,0,0,0,0,1
1246,3,male,0,0,7.8958,S,0,0,1,0,0
1247,3,female,0,0,9.8375,S,0,0,1,0,0
1248,3,male,0,0,7.925,S,1,0,0,1,0
1249,3,male,0,0,8.6625,S,0,0,1,0,0
1250,3,female,0,1,10.4625,S,0,1,0,0,0
1251,3,female,1,1,10.4625,S,0,0,1,0,0
1252,3,male,0,0,8.05,S,1,0,1,0,0
1253,3,male,0,0,7.925,S,1,0,0,1,0
1254,3,male,0,0,7.05,S,0,0,1,0,0
1255,3,male,0,0,7.775,S,0,0,0,0,1
1256,3,male,0,0,9.225,S,1,0,1,0,0
1257,3,male,0,0,7.7958,S,0,0,1,0,0
1258,3,male,0,0,7.7958,S,1,0,1,0,0
1259,3,male,0,0,8.05,S,0,0,0,1,0
1260,3,male,0,0,8.05,S,0,0,0,0,0
1261,3,male,1,0,16.1,S,0,0,0,0,0
1262,3,female,1,0,16.1,S,1,0,0,0,0
1263,3,male,0,0,7.925,S,0,0,0,1,0
1264,3,male,0,0,7.8958,S,0,0,0,0,0
1265,3,male,0,0,8.05,S,0,0,0,1,0
1266,3,male,0,0,8.05,S,0,0,0,1,0
1267,3,male,0,0,0.0,S,1,0,1,0,0
1268,3,male,0,0,7.8958,S,0,0,0,1,0
1269,3,female,0,0,9.8417,S,1,0,1,0,0
1270,3,female,0,0,9.5875,S,1,0,0,0,1
1271,3,male,1,1,14.5,S,0,0,0,0,0
1272,3,male,1,1,14.5,S,0,0,1,0,0
1273,3,male,0,2,14.5,S,0,0,0,1,0
1274,3,female,0,2,24.15,S,0,1,0,0,0
1275,3,male,1,1,24.15,S,0,0,0,1,0
1276,3,female,1,1,24.15,S,0,0,1,0,0
1277,3,male,0,0,9.5,S,0,0,0,0,0
1278,3,male,0,0,9.5,S,0,0,0,1,0
1279,3,male,0,0,9.5,S,0,0,1,0,0
1280,3,male,0,0,9.5,S,0,0,1,0,0
1281,3,male,0,0,9.0,S,0,0,0,1,0
1282,3,female,2,0,18.0,S,0,0,1,0,0
1283,3,male,3,0,18.0,S,0,0,0,1,0
1284,3,male,2,0,18.0,S,0,0,1,0,0
1285,3,female,1,0,18.0,S,0,0,0,1,0
1286,3,male,0,0,7.8542,S,0,0,1,0,0
1287,3,female,0,0,7.8542,S,0,0,1,0,0
1288,3,male,0,0,7.8958,S,0,0,1,0,0
1289,3,male,0,0,9.0,S,0,0,1,0,0
1290,3,male,0,0,8.05,S,0,0,0,0,0
1291,3,male,0,0,7.55,S,0,0,0,0,0
1292,3,male,0,0,8.05,S,0,0,0,0,0
1293,3,male,0,0,9.5,S,0,0,0,1,0
1294,3,male,0,0,7.75,S,0,0,0,1,0
1295,3,male,1,0,6.4958,S,0,0,1,0,0
1296,3,male,1,0,6.4958,S,0,0,1,0,0
1297,3,female,1,0,7.0,S,1,0,0,1,0
1298,3,male,0,0,8.7125,S,0,0,0,0,0
1299,3,male,0,0,7.55,S,0,0,0,0,0
1300,3,male,0,0,8.05,S,0,0,0,0,0
1301,3,male,0,0,16.1,S,0,0,1,0,0
1302,3,male,0,0,7.25,S,0,0,1,0,0
1303,3,male,0,0,8.6625,S,0,0,1,0,0
1304,3,male,0,0,7.25,S,0,0,0,0,0
1305,3,male,0,0,9.5,S,0,0,0,1,0
1306,3,male,0,0,7.875,S,0,0,1,0,0
1307,1,female,0,0,80.0,S,1,0,0,1,0
1308,1,female,0,0,80.0,S,1,0,0,0,1
